mean_fit_time,std_fit_time,mean_score_time,std_score_time,param_forest__max_depth,param_forest__min_impurity_decrease,param_forest__min_samples_leaf,param_forest__n_estimators,param_forest__oob_score,param_forest__random_state,params,split0_test_score,split1_test_score,split2_test_score,split3_test_score,split4_test_score,mean_test_score,std_test_score,rank_test_score
0.9983069896697998,0.03273838674574226,0.047232866287231445,0.005079138809986108,5,0.0,5,100,True,1153,"{'forest__max_depth': 5, 'forest__min_impurity_decrease': 0.0, 'forest__min_samples_leaf': 5, 'forest__n_estimators': 100, 'forest__oob_score': True, 'forest__random_state': 1153}",0.7185595567867036,0.7069252077562327,0.7157894736842105,0.7128603104212861,0.7134146341463414,0.7135098365589548,0.0038596555279946767,43
2.8356043815612795,0.01430199436757777,0.10927562713623047,0.006181489334622213,5,0.0,5,300,True,1153,"{'forest__max_depth': 5, 'forest__min_impurity_decrease': 0.0, 'forest__min_samples_leaf': 5, 'forest__n_estimators': 300, 'forest__oob_score': True, 'forest__random_state': 1153}",0.7307479224376732,0.7041551246537396,0.7130193905817175,0.7156319290465631,0.7117516629711752,0.7150612059381738,0.008723112896037414,38
4.884050989151001,0.1258295536983338,0.1891327381134033,0.021951527894161032,5,0.0,5,500,True,1153,"{'forest__max_depth': 5, 'forest__min_impurity_decrease': 0.0, 'forest__min_samples_leaf': 5, 'forest__n_estimators': 500, 'forest__oob_score': True, 'forest__random_state': 1153}",0.7313019390581718,0.7047091412742382,0.7113573407202216,0.7161862527716186,0.7134146341463414,0.7153938615941183,0.00880986836167262,37
0.9532742977142334,0.027548028241883894,0.039226341247558597,0.0017218261922685,5,0.0,10,100,True,1153,"{'forest__max_depth': 5, 'forest__min_impurity_decrease': 0.0, 'forest__min_samples_leaf': 10, 'forest__n_estimators': 100, 'forest__oob_score': True, 'forest__random_state': 1153}",0.720775623268698,0.7019390581717452,0.718005540166205,0.7156319290465631,0.7062084257206208,0.7125121152747663,0.007207254093940819,44
2.7839684963226317,0.009450999468375127,0.11167745590209961,0.006283875610660295,5,0.0,10,300,True,1153,"{'forest__max_depth': 5, 'forest__min_impurity_decrease': 0.0, 'forest__min_samples_leaf': 10, 'forest__n_estimators': 300, 'forest__oob_score': True, 'forest__random_state': 1153}",0.72797783933518,0.7019390581717452,0.710803324099723,0.717849223946785,0.7117516629711752,0.7140642217049217,0.008612966612344857,40
4.650286245346069,0.02344343375922466,0.1719205856323242,0.005234556894511532,5,0.0,10,500,True,1153,"{'forest__max_depth': 5, 'forest__min_impurity_decrease': 0.0, 'forest__min_samples_leaf': 10, 'forest__n_estimators': 500, 'forest__oob_score': True, 'forest__random_state': 1153}",0.7318559556786703,0.7013850415512466,0.7074792243767313,0.7172949002217295,0.7117516629711752,0.7139533569599106,0.010357541731432456,41
0.9472713470458984,0.010601128708765232,0.039226341247558597,0.0017228531984467114,5,0.0,15,100,True,1153,"{'forest__max_depth': 5, 'forest__min_impurity_decrease': 0.0, 'forest__min_samples_leaf': 15, 'forest__n_estimators': 100, 'forest__oob_score': True, 'forest__random_state': 1153}",0.7174515235457064,0.696398891966759,0.7091412742382271,0.7167405764966741,0.7039911308203991,0.7087446794135531,0.007936189063641687,47
2.781565618515015,0.015792698615728816,0.10567436218261719,0.003982704510936922,5,0.0,15,300,True,1153,"{'forest__max_depth': 5, 'forest__min_impurity_decrease': 0.0, 'forest__min_samples_leaf': 15, 'forest__n_estimators': 300, 'forest__oob_score': True, 'forest__random_state': 1153}",0.7313019390581718,0.703601108033241,0.7074792243767313,0.7184035476718403,0.7111973392461197,0.7143966316772208,0.009761906780958984,39
4.603654289245606,0.048172653653527645,0.17412157058715821,0.004861076368052589,5,0.0,15,500,True,1153,"{'forest__max_depth': 5, 'forest__min_impurity_decrease': 0.0, 'forest__min_samples_leaf': 15, 'forest__n_estimators': 500, 'forest__oob_score': True, 'forest__random_state': 1153}",0.7307479224376732,0.7002770083102493,0.7074792243767313,0.7189578713968958,0.7111973392461197,0.7137318731535338,0.010425064581908524,42
0.9458690643310547,0.00850060792508169,0.03982806205749512,0.003190143776694412,5,0.0,25,100,True,1153,"{'forest__max_depth': 5, 'forest__min_impurity_decrease': 0.0, 'forest__min_samples_leaf': 25, 'forest__n_estimators': 100, 'forest__oob_score': True, 'forest__random_state': 1153}",0.720775623268698,0.6925207756232687,0.7080332409972299,0.7111973392461197,0.70509977827051,0.7075253514811652,0.009168771459967908,48
2.756147861480713,0.010766919612486566,0.10707488059997558,0.0026858062425855474,5,0.0,25,300,True,1153,"{'forest__max_depth': 5, 'forest__min_impurity_decrease': 0.0, 'forest__min_samples_leaf': 25, 'forest__n_estimators': 300, 'forest__oob_score': True, 'forest__random_state': 1153}",0.7268698060941828,0.7013850415512466,0.6997229916897507,0.7128603104212861,0.7084257206208425,0.7098527740754618,0.009746549342649286,46
4.665497064590454,0.08604109700559032,0.17652373313903807,0.005538762949909258,5,0.0,25,500,True,1153,"{'forest__max_depth': 5, 'forest__min_impurity_decrease': 0.0, 'forest__min_samples_leaf': 25, 'forest__n_estimators': 500, 'forest__oob_score': True, 'forest__random_state': 1153}",0.7290858725761773,0.6980609418282548,0.7024930747922438,0.7134146341463414,0.7084257206208425,0.710296048792772,0.01074118639234726,45
0.5922182083129883,0.012899053110999663,0.03422398567199707,0.001327057098799534,5,0.1,5,100,True,1153,"{'forest__max_depth': 5, 'forest__min_impurity_decrease': 0.1, 'forest__min_samples_leaf': 5, 'forest__n_estimators': 100, 'forest__oob_score': True, 'forest__random_state': 1153}",0.46094182825484764,0.46038781163434905,0.46038781163434905,0.4606430155210643,0.4606430155210643,0.4606006965131349,0.0002052279733854784,49
1.7114107608795166,0.011847698310622825,0.0874605655670166,0.002729498024270602,5,0.1,5,300,True,1153,"{'forest__max_depth': 5, 'forest__min_impurity_decrease': 0.1, 'forest__min_samples_leaf': 5, 'forest__n_estimators': 300, 'forest__oob_score': True, 'forest__random_state': 1153}",0.46094182825484764,0.46038781163434905,0.46038781163434905,0.4606430155210643,0.4606430155210643,0.4606006965131349,0.0002052279733854784,49
2.814188575744629,0.05747749167003674,0.14310150146484374,0.006787097393088991,5,0.1,5,500,True,1153,"{'forest__max_depth': 5, 'forest__min_impurity_decrease': 0.1, 'forest__min_samples_leaf': 5, 'forest__n_estimators': 500, 'forest__oob_score': True, 'forest__random_state': 1153}",0.46094182825484764,0.46038781163434905,0.46038781163434905,0.4606430155210643,0.4606430155210643,0.4606006965131349,0.0002052279733854784,49
0.5870147705078125,0.013845668770170756,0.033022403717041016,0.000632033128474381,5,0.1,10,100,True,1153,"{'forest__max_depth': 5, 'forest__min_impurity_decrease': 0.1, 'forest__min_samples_leaf': 10, 'forest__n_estimators': 100, 'forest__oob_score': True, 'forest__random_state': 1153}",0.46094182825484764,0.46038781163434905,0.46038781163434905,0.4606430155210643,0.4606430155210643,0.4606006965131349,0.0002052279733854784,49
1.7112090587615967,0.0312114396140891,0.08746099472045898,0.001961523566844464,5,0.1,10,300,True,1153,"{'forest__max_depth': 5, 'forest__min_impurity_decrease': 0.1, 'forest__min_samples_leaf': 10, 'forest__n_estimators': 300, 'forest__oob_score': True, 'forest__random_state': 1153}",0.46094182825484764,0.46038781163434905,0.46038781163434905,0.4606430155210643,0.4606430155210643,0.4606006965131349,0.0002052279733854784,49
2.8209948539733887,0.047966188488279826,0.15490732192993165,0.010879589862153824,5,0.1,10,500,True,1153,"{'forest__max_depth': 5, 'forest__min_impurity_decrease': 0.1, 'forest__min_samples_leaf': 10, 'forest__n_estimators': 500, 'forest__oob_score': True, 'forest__random_state': 1153}",0.46094182825484764,0.46038781163434905,0.46038781163434905,0.4606430155210643,0.4606430155210643,0.4606006965131349,0.0002052279733854784,49
0.5850135803222656,0.00393087338758259,0.03362255096435547,0.0012010099444179233,5,0.1,15,100,True,1153,"{'forest__max_depth': 5, 'forest__min_impurity_decrease': 0.1, 'forest__min_samples_leaf': 15, 'forest__n_estimators': 100, 'forest__oob_score': True, 'forest__random_state': 1153}",0.46094182825484764,0.46038781163434905,0.46038781163434905,0.4606430155210643,0.4606430155210643,0.4606006965131349,0.0002052279733854784,49
1.877326488494873,0.07455616998703647,0.09526662826538086,0.006497997401245015,5,0.1,15,300,True,1153,"{'forest__max_depth': 5, 'forest__min_impurity_decrease': 0.1, 'forest__min_samples_leaf': 15, 'forest__n_estimators': 300, 'forest__oob_score': True, 'forest__random_state': 1153}",0.46094182825484764,0.46038781163434905,0.46038781163434905,0.4606430155210643,0.4606430155210643,0.4606006965131349,0.0002052279733854784,49
3.0851806640625,0.07599286619072528,0.1753232002258301,0.02086254357329479,5,0.1,15,500,True,1153,"{'forest__max_depth': 5, 'forest__min_impurity_decrease': 0.1, 'forest__min_samples_leaf': 15, 'forest__n_estimators': 500, 'forest__oob_score': True, 'forest__random_state': 1153}",0.46094182825484764,0.46038781163434905,0.46038781163434905,0.4606430155210643,0.4606430155210643,0.4606006965131349,0.0002052279733854784,49
0.6516616344451904,0.05432455717392692,0.041427087783813474,0.011420286605991122,5,0.1,25,100,True,1153,"{'forest__max_depth': 5, 'forest__min_impurity_decrease': 0.1, 'forest__min_samples_leaf': 25, 'forest__n_estimators': 100, 'forest__oob_score': True, 'forest__random_state': 1153}",0.46094182825484764,0.46038781163434905,0.46038781163434905,0.4606430155210643,0.4606430155210643,0.4606006965131349,0.0002052279733854784,49
1.7124101638793945,0.010389305477886527,0.08826117515563965,0.0020406429972078936,5,0.1,25,300,True,1153,"{'forest__max_depth': 5, 'forest__min_impurity_decrease': 0.1, 'forest__min_samples_leaf': 25, 'forest__n_estimators': 300, 'forest__oob_score': True, 'forest__random_state': 1153}",0.46094182825484764,0.46038781163434905,0.46038781163434905,0.4606430155210643,0.4606430155210643,0.4606006965131349,0.0002052279733854784,49
2.8175918579101564,0.034944769492676664,0.14730353355407716,0.005568601307642765,5,0.1,25,500,True,1153,"{'forest__max_depth': 5, 'forest__min_impurity_decrease': 0.1, 'forest__min_samples_leaf': 25, 'forest__n_estimators': 500, 'forest__oob_score': True, 'forest__random_state': 1153}",0.46094182825484764,0.46038781163434905,0.46038781163434905,0.4606430155210643,0.4606430155210643,0.4606006965131349,0.0002052279733854784,49
0.5874161720275879,0.02333976251125288,0.033623266220092776,0.0012006521544546149,5,0.2,5,100,True,1153,"{'forest__max_depth': 5, 'forest__min_impurity_decrease': 0.2, 'forest__min_samples_leaf': 5, 'forest__n_estimators': 100, 'forest__oob_score': True, 'forest__random_state': 1153}",0.46094182825484764,0.46038781163434905,0.46038781163434905,0.4606430155210643,0.4606430155210643,0.4606006965131349,0.0002052279733854784,49
1.6661789894104004,0.017390393083451923,0.08926143646240234,0.0044482490167779,5,0.2,5,300,True,1153,"{'forest__max_depth': 5, 'forest__min_impurity_decrease': 0.2, 'forest__min_samples_leaf': 5, 'forest__n_estimators': 300, 'forest__oob_score': True, 'forest__random_state': 1153}",0.46094182825484764,0.46038781163434905,0.46038781163434905,0.4606430155210643,0.4606430155210643,0.4606006965131349,0.0002052279733854784,49
2.7483434200286867,0.02513012585952729,0.1429001808166504,0.002483841554973235,5,0.2,5,500,True,1153,"{'forest__max_depth': 5, 'forest__min_impurity_decrease': 0.2, 'forest__min_samples_leaf': 5, 'forest__n_estimators': 500, 'forest__oob_score': True, 'forest__random_state': 1153}",0.46094182825484764,0.46038781163434905,0.46038781163434905,0.4606430155210643,0.4606430155210643,0.4606006965131349,0.0002052279733854784,49
0.5832127571105957,0.010114514271960941,0.035224390029907224,0.0013277765695975225,5,0.2,10,100,True,1153,"{'forest__max_depth': 5, 'forest__min_impurity_decrease': 0.2, 'forest__min_samples_leaf': 10, 'forest__n_estimators': 100, 'forest__oob_score': True, 'forest__random_state': 1153}",0.46094182825484764,0.46038781163434905,0.46038781163434905,0.4606430155210643,0.4606430155210643,0.4606006965131349,0.0002052279733854784,49
1.6421607971191405,0.005868766862765813,0.08606042861938476,0.002001929342060301,5,0.2,10,300,True,1153,"{'forest__max_depth': 5, 'forest__min_impurity_decrease': 0.2, 'forest__min_samples_leaf': 10, 'forest__n_estimators': 300, 'forest__oob_score': True, 'forest__random_state': 1153}",0.46094182825484764,0.46038781163434905,0.46038781163434905,0.4606430155210643,0.4606430155210643,0.4606006965131349,0.0002052279733854784,49
2.769758176803589,0.02818801277710089,0.15210623741149903,0.007134021414939787,5,0.2,10,500,True,1153,"{'forest__max_depth': 5, 'forest__min_impurity_decrease': 0.2, 'forest__min_samples_leaf': 10, 'forest__n_estimators': 500, 'forest__oob_score': True, 'forest__random_state': 1153}",0.46094182825484764,0.46038781163434905,0.46038781163434905,0.4606430155210643,0.4606430155210643,0.4606006965131349,0.0002052279733854784,49
0.580010986328125,0.01796341819592345,0.03482379913330078,0.0011673081018072362,5,0.2,15,100,True,1153,"{'forest__max_depth': 5, 'forest__min_impurity_decrease': 0.2, 'forest__min_samples_leaf': 15, 'forest__n_estimators': 100, 'forest__oob_score': True, 'forest__random_state': 1153}",0.46094182825484764,0.46038781163434905,0.46038781163434905,0.4606430155210643,0.4606430155210643,0.4606006965131349,0.0002052279733854784,49
1.662976121902466,0.016605916311773,0.08846206665039062,0.0032645535674442083,5,0.2,15,300,True,1153,"{'forest__max_depth': 5, 'forest__min_impurity_decrease': 0.2, 'forest__min_samples_leaf': 15, 'forest__n_estimators': 300, 'forest__oob_score': True, 'forest__random_state': 1153}",0.46094182825484764,0.46038781163434905,0.46038781163434905,0.4606430155210643,0.4606430155210643,0.4606006965131349,0.0002052279733854784,49
2.753146743774414,0.013886078797335366,0.1473029613494873,0.007551473966500513,5,0.2,15,500,True,1153,"{'forest__max_depth': 5, 'forest__min_impurity_decrease': 0.2, 'forest__min_samples_leaf': 15, 'forest__n_estimators': 500, 'forest__oob_score': True, 'forest__random_state': 1153}",0.46094182825484764,0.46038781163434905,0.46038781163434905,0.4606430155210643,0.4606430155210643,0.4606006965131349,0.0002052279733854784,49
0.5732054233551025,0.009438794067737464,0.03402304649353027,0.002610143418395748,5,0.2,25,100,True,1153,"{'forest__max_depth': 5, 'forest__min_impurity_decrease': 0.2, 'forest__min_samples_leaf': 25, 'forest__n_estimators': 100, 'forest__oob_score': True, 'forest__random_state': 1153}",0.46094182825484764,0.46038781163434905,0.46038781163434905,0.4606430155210643,0.4606430155210643,0.4606006965131349,0.0002052279733854784,49
1.6519680500030518,0.009373266533224268,0.0896613597869873,0.003932843995367652,5,0.2,25,300,True,1153,"{'forest__max_depth': 5, 'forest__min_impurity_decrease': 0.2, 'forest__min_samples_leaf': 25, 'forest__n_estimators': 300, 'forest__oob_score': True, 'forest__random_state': 1153}",0.46094182825484764,0.46038781163434905,0.46038781163434905,0.4606430155210643,0.4606430155210643,0.4606006965131349,0.0002052279733854784,49
2.734533405303955,0.042378886650876565,0.14310016632080078,0.003635450182894389,5,0.2,25,500,True,1153,"{'forest__max_depth': 5, 'forest__min_impurity_decrease': 0.2, 'forest__min_samples_leaf': 25, 'forest__n_estimators': 500, 'forest__oob_score': True, 'forest__random_state': 1153}",0.46094182825484764,0.46038781163434905,0.46038781163434905,0.4606430155210643,0.4606430155210643,0.4606006965131349,0.0002052279733854784,49
0.5708038806915283,0.008168367382038718,0.03322257995605469,0.0016009927672491816,5,0.5,5,100,True,1153,"{'forest__max_depth': 5, 'forest__min_impurity_decrease': 0.5, 'forest__min_samples_leaf': 5, 'forest__n_estimators': 100, 'forest__oob_score': True, 'forest__random_state': 1153}",0.46094182825484764,0.46038781163434905,0.46038781163434905,0.4606430155210643,0.4606430155210643,0.4606006965131349,0.0002052279733854784,49
1.649967098236084,0.018575771942710474,0.08686013221740722,0.0016009748711552304,5,0.5,5,300,True,1153,"{'forest__max_depth': 5, 'forest__min_impurity_decrease': 0.5, 'forest__min_samples_leaf': 5, 'forest__n_estimators': 300, 'forest__oob_score': True, 'forest__random_state': 1153}",0.46094182825484764,0.46038781163434905,0.46038781163434905,0.4606430155210643,0.4606430155210643,0.4606006965131349,0.0002052279733854784,49
2.735132837295532,0.02393583104577163,0.14330077171325684,0.0016007426170710239,5,0.5,5,500,True,1153,"{'forest__max_depth': 5, 'forest__min_impurity_decrease': 0.5, 'forest__min_samples_leaf': 5, 'forest__n_estimators': 500, 'forest__oob_score': True, 'forest__random_state': 1153}",0.46094182825484764,0.46038781163434905,0.46038781163434905,0.4606430155210643,0.4606430155210643,0.4606006965131349,0.0002052279733854784,49
0.5730056762695312,0.012855387094912733,0.035624456405639646,0.0026540565412934074,5,0.5,10,100,True,1153,"{'forest__max_depth': 5, 'forest__min_impurity_decrease': 0.5, 'forest__min_samples_leaf': 10, 'forest__n_estimators': 100, 'forest__oob_score': True, 'forest__random_state': 1153}",0.46094182825484764,0.46038781163434905,0.46038781163434905,0.4606430155210643,0.4606430155210643,0.4606006965131349,0.0002052279733854784,49
1.6593724250793458,0.013432382486087385,0.09046363830566406,0.0038805458226079236,5,0.5,10,300,True,1153,"{'forest__max_depth': 5, 'forest__min_impurity_decrease': 0.5, 'forest__min_samples_leaf': 10, 'forest__n_estimators': 300, 'forest__oob_score': True, 'forest__random_state': 1153}",0.46094182825484764,0.46038781163434905,0.46038781163434905,0.4606430155210643,0.4606430155210643,0.4606006965131349,0.0002052279733854784,49
2.7669559001922606,0.031148350251791235,0.14730329513549806,0.004072923076018024,5,0.5,10,500,True,1153,"{'forest__max_depth': 5, 'forest__min_impurity_decrease': 0.5, 'forest__min_samples_leaf': 10, 'forest__n_estimators': 500, 'forest__oob_score': True, 'forest__random_state': 1153}",0.46094182825484764,0.46038781163434905,0.46038781163434905,0.4606430155210643,0.4606430155210643,0.4606006965131349,0.0002052279733854784,49
0.5686020374298095,0.006182241098330791,0.03442449569702148,0.0018570473074983596,5,0.5,15,100,True,1153,"{'forest__max_depth': 5, 'forest__min_impurity_decrease': 0.5, 'forest__min_samples_leaf': 15, 'forest__n_estimators': 100, 'forest__oob_score': True, 'forest__random_state': 1153}",0.46094182825484764,0.46038781163434905,0.46038781163434905,0.4606430155210643,0.4606430155210643,0.4606006965131349,0.0002052279733854784,49
1.6637767791748046,0.014958751623882103,0.08946223258972168,0.00403236038289576,5,0.5,15,300,True,1153,"{'forest__max_depth': 5, 'forest__min_impurity_decrease': 0.5, 'forest__min_samples_leaf': 15, 'forest__n_estimators': 300, 'forest__oob_score': True, 'forest__random_state': 1153}",0.46094182825484764,0.46038781163434905,0.46038781163434905,0.4606430155210643,0.4606430155210643,0.4606006965131349,0.0002052279733854784,49
2.76615629196167,0.022263561473434796,0.1449005126953125,0.00204066660751267,5,0.5,15,500,True,1153,"{'forest__max_depth': 5, 'forest__min_impurity_decrease': 0.5, 'forest__min_samples_leaf': 15, 'forest__n_estimators': 500, 'forest__oob_score': True, 'forest__random_state': 1153}",0.46094182825484764,0.46038781163434905,0.46038781163434905,0.4606430155210643,0.4606430155210643,0.4606006965131349,0.0002052279733854784,49
0.5738070964813232,0.016704744893497245,0.03542404174804688,0.002419587824385726,5,0.5,25,100,True,1153,"{'forest__max_depth': 5, 'forest__min_impurity_decrease': 0.5, 'forest__min_samples_leaf': 25, 'forest__n_estimators': 100, 'forest__oob_score': True, 'forest__random_state': 1153}",0.46094182825484764,0.46038781163434905,0.46038781163434905,0.4606430155210643,0.4606430155210643,0.4606006965131349,0.0002052279733854784,49
1.6555702686309814,0.01924485458327071,0.09006304740905761,0.002450363527625571,5,0.5,25,300,True,1153,"{'forest__max_depth': 5, 'forest__min_impurity_decrease': 0.5, 'forest__min_samples_leaf': 25, 'forest__n_estimators': 300, 'forest__oob_score': True, 'forest__random_state': 1153}",0.46094182825484764,0.46038781163434905,0.46038781163434905,0.4606430155210643,0.4606430155210643,0.4606006965131349,0.0002052279733854784,49
2.7377347469329836,0.008546439615596342,0.14290032386779786,0.00376479830553063,5,0.5,25,500,True,1153,"{'forest__max_depth': 5, 'forest__min_impurity_decrease': 0.5, 'forest__min_samples_leaf': 25, 'forest__n_estimators': 500, 'forest__oob_score': True, 'forest__random_state': 1153}",0.46094182825484764,0.46038781163434905,0.46038781163434905,0.4606430155210643,0.4606430155210643,0.4606006965131349,0.0002052279733854784,49
1.378173828125,0.013130043284307624,0.05063519477844238,0.0038811211847109514,10,0.0,5,100,True,1153,"{'forest__max_depth': 10, 'forest__min_impurity_decrease': 0.0, 'forest__min_samples_leaf': 5, 'forest__n_estimators': 100, 'forest__oob_score': True, 'forest__random_state': 1153}",0.8792243767313019,0.8709141274238227,0.8764542936288089,0.8531042128603105,0.8713968957871396,0.8702187812862767,0.009107823844679416,21
4.071277236938476,0.00907398734966924,0.13969764709472657,0.011207579741314014,10,0.0,5,300,True,1153,"{'forest__max_depth': 10, 'forest__min_impurity_decrease': 0.0, 'forest__min_samples_leaf': 5, 'forest__n_estimators': 300, 'forest__oob_score': True, 'forest__random_state': 1153}",0.8858725761772853,0.8786703601108034,0.8792243767313019,0.8575388026607539,0.8736141906873615,0.8749840612735011,0.009553454083187852,19
6.865651798248291,0.0998266026658925,0.2121494770050049,0.005835705854877682,10,0.0,5,500,True,1153,"{'forest__max_depth': 10, 'forest__min_impurity_decrease': 0.0, 'forest__min_samples_leaf': 5, 'forest__n_estimators': 500, 'forest__oob_score': True, 'forest__random_state': 1153}",0.8825484764542936,0.8808864265927978,0.8803324099722992,0.8597560975609756,0.8691796008869179,0.8745406022934569,0.008777955195468623,20
1.331541395187378,0.02216602431653188,0.04683189392089844,0.0014704634934525366,10,0.0,10,100,True,1153,"{'forest__max_depth': 10, 'forest__min_impurity_decrease': 0.0, 'forest__min_samples_leaf': 10, 'forest__n_estimators': 100, 'forest__oob_score': True, 'forest__random_state': 1153}",0.864819944598338,0.845983379501385,0.8770083102493075,0.8353658536585366,0.8575388026607539,0.8561432581336643,0.014474159753626812,24
3.9285765171051024,0.013358391385801386,0.12608771324157714,0.0035785690456698552,10,0.0,10,300,True,1153,"{'forest__max_depth': 10, 'forest__min_impurity_decrease': 0.0, 'forest__min_samples_leaf': 10, 'forest__n_estimators': 300, 'forest__oob_score': True, 'forest__random_state': 1153}",0.8692520775623269,0.8570637119113573,0.87202216066482,0.8431263858093127,0.8580931263858093,0.8599114924667253,0.010267141071680986,22
6.51680474281311,0.03358233929522382,0.20814685821533202,0.0059036476512616416,10,0.0,10,500,True,1153,"{'forest__max_depth': 10, 'forest__min_impurity_decrease': 0.0, 'forest__min_samples_leaf': 10, 'forest__n_estimators': 500, 'forest__oob_score': True, 'forest__random_state': 1153}",0.8664819944598338,0.8548476454293629,0.8681440443213296,0.8453436807095344,0.8625277161862528,0.8594690162212627,0.008422301266311613,23
1.3067240715026855,0.014143867561917373,0.04623260498046875,0.0007484816681031809,10,0.0,15,100,True,1153,"{'forest__max_depth': 10, 'forest__min_impurity_decrease': 0.0, 'forest__min_samples_leaf': 15, 'forest__n_estimators': 100, 'forest__oob_score': True, 'forest__random_state': 1153}",0.8476454293628809,0.8421052631578947,0.8576177285318559,0.8325942350332595,0.8481152993348116,0.8456155910841405,0.008201197517969711,32
3.8603279113769533,0.023033847216114605,0.12608728408813477,0.005180761166460485,10,0.0,15,300,True,1153,"{'forest__max_depth': 10, 'forest__min_impurity_decrease': 0.0, 'forest__min_samples_leaf': 15, 'forest__n_estimators': 300, 'forest__oob_score': True, 'forest__random_state': 1153}",0.8537396121883657,0.8454293628808864,0.8565096952908587,0.8325942350332595,0.8470066518847007,0.8470559114556142,0.00831665865603104,30
6.458162832260132,0.027830692026323066,0.20594573020935059,0.0057106772894320494,10,0.0,15,500,True,1153,"{'forest__max_depth': 10, 'forest__min_impurity_decrease': 0.0, 'forest__min_samples_leaf': 15, 'forest__n_estimators': 500, 'forest__oob_score': True, 'forest__random_state': 1153}",0.8537396121883657,0.8443213296398892,0.8565096952908587,0.8287139689578714,0.843680709534368,0.8453930631222706,0.009752100714170016,33
1.2720993995666503,0.009439060024245296,0.04743270874023438,0.00355791444202138,10,0.0,25,100,True,1153,"{'forest__max_depth': 10, 'forest__min_impurity_decrease': 0.0, 'forest__min_samples_leaf': 25, 'forest__n_estimators': 100, 'forest__oob_score': True, 'forest__random_state': 1153}",0.8343490304709141,0.8177285318559557,0.8310249307479224,0.8082039911308204,0.8215077605321508,0.8225628489475527,0.009393418274572147,36
3.8156972408294676,0.0969080833932588,0.12608857154846193,0.003901053125729937,10,0.0,25,300,True,1153,"{'forest__max_depth': 10, 'forest__min_impurity_decrease': 0.0, 'forest__min_samples_leaf': 25, 'forest__n_estimators': 300, 'forest__oob_score': True, 'forest__random_state': 1153}",0.8421052631578947,0.8149584487534626,0.8326869806094183,0.8093126385809313,0.8276053215077606,0.8253337305218935,0.011872965747211674,35
6.408329057693481,0.03682441638529212,0.20954790115356445,0.002418249828749379,10,0.0,25,500,True,1153,"{'forest__max_depth': 10, 'forest__min_impurity_decrease': 0.0, 'forest__min_samples_leaf': 25, 'forest__n_estimators': 500, 'forest__oob_score': True, 'forest__random_state': 1153}",0.8398891966759002,0.8166204986149584,0.8304709141274238,0.8120842572062085,0.8276053215077606,0.8253340376264504,0.009948681610142642,34
0.5818119049072266,0.01710646200464362,0.034023189544677736,0.002192059358479505,10,0.1,5,100,True,1153,"{'forest__max_depth': 10, 'forest__min_impurity_decrease': 0.1, 'forest__min_samples_leaf': 5, 'forest__n_estimators': 100, 'forest__oob_score': True, 'forest__random_state': 1153}",0.46094182825484764,0.46038781163434905,0.46038781163434905,0.4606430155210643,0.4606430155210643,0.4606006965131349,0.0002052279733854784,49
1.6937978267669678,0.01042982707570014,0.08966240882873536,0.004274809243604267,10,0.1,5,300,True,1153,"{'forest__max_depth': 10, 'forest__min_impurity_decrease': 0.1, 'forest__min_samples_leaf': 5, 'forest__n_estimators': 300, 'forest__oob_score': True, 'forest__random_state': 1153}",0.46094182825484764,0.46038781163434905,0.46038781163434905,0.4606430155210643,0.4606430155210643,0.4606006965131349,0.0002052279733854784,49
2.854817295074463,0.05106598052829271,0.144501256942749,0.0024993993632843334,10,0.1,5,500,True,1153,"{'forest__max_depth': 10, 'forest__min_impurity_decrease': 0.1, 'forest__min_samples_leaf': 5, 'forest__n_estimators': 500, 'forest__oob_score': True, 'forest__random_state': 1153}",0.46094182825484764,0.46038781163434905,0.46038781163434905,0.4606430155210643,0.4606430155210643,0.4606006965131349,0.0002052279733854784,49
0.6046292304992675,0.01067379618487386,0.03582444190979004,0.0019374427522821263,10,0.1,10,100,True,1153,"{'forest__max_depth': 10, 'forest__min_impurity_decrease': 0.1, 'forest__min_samples_leaf': 10, 'forest__n_estimators': 100, 'forest__oob_score': True, 'forest__random_state': 1153}",0.46094182825484764,0.46038781163434905,0.46038781163434905,0.4606430155210643,0.4606430155210643,0.4606006965131349,0.0002052279733854784,49
1.7238192081451416,0.026427912075510283,0.0956657886505127,0.0066555723451156715,10,0.1,10,300,True,1153,"{'forest__max_depth': 10, 'forest__min_impurity_decrease': 0.1, 'forest__min_samples_leaf': 10, 'forest__n_estimators': 300, 'forest__oob_score': True, 'forest__random_state': 1153}",0.46094182825484764,0.46038781163434905,0.46038781163434905,0.4606430155210643,0.4606430155210643,0.4606006965131349,0.0002052279733854784,49
2.8612227916717528,0.03936388750762313,0.1445006847381592,0.004844865521204024,10,0.1,10,500,True,1153,"{'forest__max_depth': 10, 'forest__min_impurity_decrease': 0.1, 'forest__min_samples_leaf': 10, 'forest__n_estimators': 500, 'forest__oob_score': True, 'forest__random_state': 1153}",0.46094182825484764,0.46038781163434905,0.46038781163434905,0.4606430155210643,0.4606430155210643,0.4606006965131349,0.0002052279733854784,49
0.5948215961456299,0.01747732619048868,0.03342275619506836,0.0004903299456281762,10,0.1,15,100,True,1153,"{'forest__max_depth': 10, 'forest__min_impurity_decrease': 0.1, 'forest__min_samples_leaf': 15, 'forest__n_estimators': 100, 'forest__oob_score': True, 'forest__random_state': 1153}",0.46094182825484764,0.46038781163434905,0.46038781163434905,0.4606430155210643,0.4606430155210643,0.4606006965131349,0.0002052279733854784,49
1.7372286796569825,0.017017507743163116,0.09026222229003907,0.0017226021437710376,10,0.1,15,300,True,1153,"{'forest__max_depth': 10, 'forest__min_impurity_decrease': 0.1, 'forest__min_samples_leaf': 15, 'forest__n_estimators': 300, 'forest__oob_score': True, 'forest__random_state': 1153}",0.46094182825484764,0.46038781163434905,0.46038781163434905,0.4606430155210643,0.4606430155210643,0.4606006965131349,0.0002052279733854784,49
2.835204029083252,0.029586170336185855,0.14370150566101075,0.005855731146957489,10,0.1,15,500,True,1153,"{'forest__max_depth': 10, 'forest__min_impurity_decrease': 0.1, 'forest__min_samples_leaf': 15, 'forest__n_estimators': 500, 'forest__oob_score': True, 'forest__random_state': 1153}",0.46094182825484764,0.46038781163434905,0.46038781163434905,0.4606430155210643,0.4606430155210643,0.4606006965131349,0.0002052279733854784,49
0.595421838760376,0.006037498829846507,0.03342185020446777,0.0004901944106310344,10,0.1,25,100,True,1153,"{'forest__max_depth': 10, 'forest__min_impurity_decrease': 0.1, 'forest__min_samples_leaf': 25, 'forest__n_estimators': 100, 'forest__oob_score': True, 'forest__random_state': 1153}",0.46094182825484764,0.46038781163434905,0.46038781163434905,0.4606430155210643,0.4606430155210643,0.4606006965131349,0.0002052279733854784,49
1.7254193782806397,0.025113667623344972,0.08886184692382812,0.0037655865543760143,10,0.1,25,300,True,1153,"{'forest__max_depth': 10, 'forest__min_impurity_decrease': 0.1, 'forest__min_samples_leaf': 25, 'forest__n_estimators': 300, 'forest__oob_score': True, 'forest__random_state': 1153}",0.46094182825484764,0.46038781163434905,0.46038781163434905,0.4606430155210643,0.4606430155210643,0.4606006965131349,0.0002052279733854784,49
2.844810962677002,0.030871606966453604,0.14650182723999022,0.003981312543354121,10,0.1,25,500,True,1153,"{'forest__max_depth': 10, 'forest__min_impurity_decrease': 0.1, 'forest__min_samples_leaf': 25, 'forest__n_estimators': 500, 'forest__oob_score': True, 'forest__random_state': 1153}",0.46094182825484764,0.46038781163434905,0.46038781163434905,0.4606430155210643,0.4606430155210643,0.4606006965131349,0.0002052279733854784,49
0.5788092613220215,0.010119461786280155,0.033423566818237306,0.0020610843028196846,10,0.2,5,100,True,1153,"{'forest__max_depth': 10, 'forest__min_impurity_decrease': 0.2, 'forest__min_samples_leaf': 5, 'forest__n_estimators': 100, 'forest__oob_score': True, 'forest__random_state': 1153}",0.46094182825484764,0.46038781163434905,0.46038781163434905,0.4606430155210643,0.4606430155210643,0.4606006965131349,0.0002052279733854784,49
1.6493655681610107,0.017950036606909164,0.09046339988708496,0.003558121162512229,10,0.2,5,300,True,1153,"{'forest__max_depth': 10, 'forest__min_impurity_decrease': 0.2, 'forest__min_samples_leaf': 5, 'forest__n_estimators': 300, 'forest__oob_score': True, 'forest__random_state': 1153}",0.46094182825484764,0.46038781163434905,0.46038781163434905,0.4606430155210643,0.4606430155210643,0.4606006965131349,0.0002052279733854784,49
2.754946804046631,0.036175176627760784,0.14630341529846191,0.006528357015450306,10,0.2,5,500,True,1153,"{'forest__max_depth': 10, 'forest__min_impurity_decrease': 0.2, 'forest__min_samples_leaf': 5, 'forest__n_estimators': 500, 'forest__oob_score': True, 'forest__random_state': 1153}",0.46094182825484764,0.46038781163434905,0.46038781163434905,0.4606430155210643,0.4606430155210643,0.4606006965131349,0.0002052279733854784,49
0.5722036361694336,0.009689708127687624,0.03362269401550293,0.0012003029811334224,10,0.2,10,100,True,1153,"{'forest__max_depth': 10, 'forest__min_impurity_decrease': 0.2, 'forest__min_samples_leaf': 10, 'forest__n_estimators': 100, 'forest__oob_score': True, 'forest__random_state': 1153}",0.46094182825484764,0.46038781163434905,0.46038781163434905,0.4606430155210643,0.4606430155210643,0.4606006965131349,0.0002052279733854784,49
1.6665774822235107,0.01188495446076847,0.08986353874206543,0.0017225248039307716,10,0.2,10,300,True,1153,"{'forest__max_depth': 10, 'forest__min_impurity_decrease': 0.2, 'forest__min_samples_leaf': 10, 'forest__n_estimators': 300, 'forest__oob_score': True, 'forest__random_state': 1153}",0.46094182825484764,0.46038781163434905,0.46038781163434905,0.4606430155210643,0.4606430155210643,0.4606006965131349,0.0002052279733854784,49
2.766755723953247,0.022876480172372128,0.14650402069091797,0.005682860079100018,10,0.2,10,500,True,1153,"{'forest__max_depth': 10, 'forest__min_impurity_decrease': 0.2, 'forest__min_samples_leaf': 10, 'forest__n_estimators': 500, 'forest__oob_score': True, 'forest__random_state': 1153}",0.46094182825484764,0.46038781163434905,0.46038781163434905,0.4606430155210643,0.4606430155210643,0.4606006965131349,0.0002052279733854784,49
0.5704031944274902,0.0058348062622539994,0.035225439071655276,0.003659768779631722,10,0.2,15,100,True,1153,"{'forest__max_depth': 10, 'forest__min_impurity_decrease': 0.2, 'forest__min_samples_leaf': 15, 'forest__n_estimators': 100, 'forest__oob_score': True, 'forest__random_state': 1153}",0.46094182825484764,0.46038781163434905,0.46038781163434905,0.4606430155210643,0.4606430155210643,0.4606006965131349,0.0002052279733854784,49
1.6705805778503418,0.018544764163934104,0.0884629726409912,0.0026553542704559887,10,0.2,15,300,True,1153,"{'forest__max_depth': 10, 'forest__min_impurity_decrease': 0.2, 'forest__min_samples_leaf': 15, 'forest__n_estimators': 300, 'forest__oob_score': True, 'forest__random_state': 1153}",0.46094182825484764,0.46038781163434905,0.46038781163434905,0.4606430155210643,0.4606430155210643,0.4606006965131349,0.0002052279733854784,49
2.7683562278747558,0.026412834297184117,0.14950485229492189,0.004457470802449794,10,0.2,15,500,True,1153,"{'forest__max_depth': 10, 'forest__min_impurity_decrease': 0.2, 'forest__min_samples_leaf': 15, 'forest__n_estimators': 500, 'forest__oob_score': True, 'forest__random_state': 1153}",0.46094182825484764,0.46038781163434905,0.46038781163434905,0.4606430155210643,0.4606430155210643,0.4606006965131349,0.0002052279733854784,49
0.5814115524291992,0.009557225899372223,0.03362231254577637,0.0013570568330277322,10,0.2,25,100,True,1153,"{'forest__max_depth': 10, 'forest__min_impurity_decrease': 0.2, 'forest__min_samples_leaf': 25, 'forest__n_estimators': 100, 'forest__oob_score': True, 'forest__random_state': 1153}",0.46094182825484764,0.46038781163434905,0.46038781163434905,0.4606430155210643,0.4606430155210643,0.4606006965131349,0.0002052279733854784,49
1.668178415298462,0.01852767152619401,0.08986291885375977,0.0029278210884052915,10,0.2,25,300,True,1153,"{'forest__max_depth': 10, 'forest__min_impurity_decrease': 0.2, 'forest__min_samples_leaf': 25, 'forest__n_estimators': 300, 'forest__oob_score': True, 'forest__random_state': 1153}",0.46094182825484764,0.46038781163434905,0.46038781163434905,0.4606430155210643,0.4606430155210643,0.4606006965131349,0.0002052279733854784,49
2.8522154808044435,0.06386424125894093,0.14870495796203614,0.008805711731871443,10,0.2,25,500,True,1153,"{'forest__max_depth': 10, 'forest__min_impurity_decrease': 0.2, 'forest__min_samples_leaf': 25, 'forest__n_estimators': 500, 'forest__oob_score': True, 'forest__random_state': 1153}",0.46094182825484764,0.46038781163434905,0.46038781163434905,0.4606430155210643,0.4606430155210643,0.4606006965131349,0.0002052279733854784,49
0.5830126762390136,0.016571947489580248,0.039428091049194335,0.011315508824615118,10,0.5,5,100,True,1153,"{'forest__max_depth': 10, 'forest__min_impurity_decrease': 0.5, 'forest__min_samples_leaf': 5, 'forest__n_estimators': 100, 'forest__oob_score': True, 'forest__random_state': 1153}",0.46094182825484764,0.46038781163434905,0.46038781163434905,0.4606430155210643,0.4606430155210643,0.4606006965131349,0.0002052279733854784,49
1.69459867477417,0.024154306848601655,0.09026226997375489,0.0027872800271293487,10,0.5,5,300,True,1153,"{'forest__max_depth': 10, 'forest__min_impurity_decrease': 0.5, 'forest__min_samples_leaf': 5, 'forest__n_estimators': 300, 'forest__oob_score': True, 'forest__random_state': 1153}",0.46094182825484764,0.46038781163434905,0.46038781163434905,0.4606430155210643,0.4606430155210643,0.4606006965131349,0.0002052279733854784,49
2.807583808898926,0.05325256127586543,0.1505063533782959,0.010469607868304271,10,0.5,5,500,True,1153,"{'forest__max_depth': 10, 'forest__min_impurity_decrease': 0.5, 'forest__min_samples_leaf': 5, 'forest__n_estimators': 500, 'forest__oob_score': True, 'forest__random_state': 1153}",0.46094182825484764,0.46038781163434905,0.46038781163434905,0.4606430155210643,0.4606430155210643,0.4606006965131349,0.0002052279733854784,49
0.599825382232666,0.01279350278179006,0.034423208236694335,0.0010193752187205864,10,0.5,10,100,True,1153,"{'forest__max_depth': 10, 'forest__min_impurity_decrease': 0.5, 'forest__min_samples_leaf': 10, 'forest__n_estimators': 100, 'forest__oob_score': True, 'forest__random_state': 1153}",0.46094182825484764,0.46038781163434905,0.46038781163434905,0.4606430155210643,0.4606430155210643,0.4606006965131349,0.0002052279733854784,49
1.6773847579956054,0.01076556084285289,0.0884620189666748,0.00185644087698496,10,0.5,10,300,True,1153,"{'forest__max_depth': 10, 'forest__min_impurity_decrease': 0.5, 'forest__min_samples_leaf': 10, 'forest__n_estimators': 300, 'forest__oob_score': True, 'forest__random_state': 1153}",0.46094182825484764,0.46038781163434905,0.46038781163434905,0.4606430155210643,0.4606430155210643,0.4606006965131349,0.0002052279733854784,49
2.905653381347656,0.0943415272845954,0.16091246604919435,0.015128600489841593,10,0.5,10,500,True,1153,"{'forest__max_depth': 10, 'forest__min_impurity_decrease': 0.5, 'forest__min_samples_leaf': 10, 'forest__n_estimators': 500, 'forest__oob_score': True, 'forest__random_state': 1153}",0.46094182825484764,0.46038781163434905,0.46038781163434905,0.4606430155210643,0.4606430155210643,0.4606006965131349,0.0002052279733854784,49
0.6162363529205322,0.02791553195591157,0.03582553863525391,0.0027882317883581777,10,0.5,15,100,True,1153,"{'forest__max_depth': 10, 'forest__min_impurity_decrease': 0.5, 'forest__min_samples_leaf': 15, 'forest__n_estimators': 100, 'forest__oob_score': True, 'forest__random_state': 1153}",0.46094182825484764,0.46038781163434905,0.46038781163434905,0.4606430155210643,0.4606430155210643,0.4606006965131349,0.0002052279733854784,49
1.678387212753296,0.01129358591537535,0.0894620418548584,0.0032641970051536157,10,0.5,15,300,True,1153,"{'forest__max_depth': 10, 'forest__min_impurity_decrease': 0.5, 'forest__min_samples_leaf': 15, 'forest__n_estimators': 300, 'forest__oob_score': True, 'forest__random_state': 1153}",0.46094182825484764,0.46038781163434905,0.46038781163434905,0.4606430155210643,0.4606430155210643,0.4606006965131349,0.0002052279733854784,49
2.7967767238616945,0.03853138978213796,0.14810428619384766,0.004608610367271813,10,0.5,15,500,True,1153,"{'forest__max_depth': 10, 'forest__min_impurity_decrease': 0.5, 'forest__min_samples_leaf': 15, 'forest__n_estimators': 500, 'forest__oob_score': True, 'forest__random_state': 1153}",0.46094182825484764,0.46038781163434905,0.46038781163434905,0.4606430155210643,0.4606430155210643,0.4606006965131349,0.0002052279733854784,49
0.5808100223541259,0.012540828990749486,0.03362421989440918,0.001357478605898666,10,0.5,25,100,True,1153,"{'forest__max_depth': 10, 'forest__min_impurity_decrease': 0.5, 'forest__min_samples_leaf': 25, 'forest__n_estimators': 100, 'forest__oob_score': True, 'forest__random_state': 1153}",0.46094182825484764,0.46038781163434905,0.46038781163434905,0.4606430155210643,0.4606430155210643,0.4606006965131349,0.0002052279733854784,49
1.6737845420837403,0.012700226964917362,0.08906102180480957,0.002001524962719779,10,0.5,25,300,True,1153,"{'forest__max_depth': 10, 'forest__min_impurity_decrease': 0.5, 'forest__min_samples_leaf': 25, 'forest__n_estimators': 300, 'forest__oob_score': True, 'forest__random_state': 1153}",0.46094182825484764,0.46038781163434905,0.46038781163434905,0.4606430155210643,0.4606430155210643,0.4606006965131349,0.0002052279733854784,49
2.7667551040649414,0.05068931073780853,0.14230008125305177,0.004168405832070387,10,0.5,25,500,True,1153,"{'forest__max_depth': 10, 'forest__min_impurity_decrease': 0.5, 'forest__min_samples_leaf': 25, 'forest__n_estimators': 500, 'forest__oob_score': True, 'forest__random_state': 1153}",0.46094182825484764,0.46038781163434905,0.46038781163434905,0.4606430155210643,0.4606430155210643,0.4606006965131349,0.0002052279733854784,49
1.6101377964019776,0.03026816214068633,0.052436304092407224,0.001959999818039734,15,0.0,5,100,True,1153,"{'forest__max_depth': 15, 'forest__min_impurity_decrease': 0.0, 'forest__min_samples_leaf': 5, 'forest__n_estimators': 100, 'forest__oob_score': True, 'forest__random_state': 1153}",0.9529085872576177,0.9518005540166204,0.9534626038781163,0.9462305986696231,0.9584257206208425,0.952565612888564,0.0038982254198237217,6
4.724138355255127,0.044399471557209726,0.15991196632385254,0.014996116018153188,15,0.0,5,300,True,1153,"{'forest__max_depth': 15, 'forest__min_impurity_decrease': 0.0, 'forest__min_samples_leaf': 5, 'forest__n_estimators': 300, 'forest__oob_score': True, 'forest__random_state': 1153}",0.9551246537396122,0.9562326869806094,0.9529085872576177,0.9434589800443459,0.9617516629711752,0.953895314198672,0.005976412032328907,4
8.045484828948975,0.03661220375620335,0.2735927581787109,0.010882333771994445,15,0.0,5,500,True,1153,"{'forest__max_depth': 15, 'forest__min_impurity_decrease': 0.0, 'forest__min_samples_leaf': 5, 'forest__n_estimators': 500, 'forest__oob_score': True, 'forest__random_state': 1153}",0.9556786703601108,0.9551246537396122,0.9556786703601108,0.9412416851441242,0.9617516629711752,0.9538950685150267,0.006778031249374833,5
1.4896528720855713,0.0176486887165763,0.05083513259887695,0.0020417231514264474,15,0.0,10,100,True,1153,"{'forest__max_depth': 15, 'forest__min_impurity_decrease': 0.0, 'forest__min_samples_leaf': 10, 'forest__n_estimators': 100, 'forest__oob_score': True, 'forest__random_state': 1153}",0.9285318559556787,0.9218836565096953,0.932409972299169,0.9029933481152993,0.9201773835920177,0.9211992432943721,0.010123387686261342,12
4.446742391586303,0.0391255956764614,0.14930462837219238,0.01746355466408791,15,0.0,10,300,True,1153,"{'forest__max_depth': 15, 'forest__min_impurity_decrease': 0.0, 'forest__min_samples_leaf': 10, 'forest__n_estimators': 300, 'forest__oob_score': True, 'forest__random_state': 1153}",0.9263157894736842,0.925207756232687,0.932409972299169,0.9041019955654102,0.9212860310421286,0.9218643089226157,0.009571201765399839,11
7.631391477584839,0.057899374681021715,0.23056282997131347,0.00535552427035669,15,0.0,10,500,True,1153,"{'forest__max_depth': 15, 'forest__min_impurity_decrease': 0.0, 'forest__min_samples_leaf': 10, 'forest__n_estimators': 500, 'forest__oob_score': True, 'forest__random_state': 1153}",0.9263157894736842,0.9263157894736842,0.9329639889196676,0.9041019955654102,0.9229490022172949,0.9225293131299482,0.009770357583980956,10
1.4904543876647949,0.052901285140379346,0.05824017524719238,0.009792648802611652,15,0.0,15,100,True,1153,"{'forest__max_depth': 15, 'forest__min_impurity_decrease': 0.0, 'forest__min_samples_leaf': 15, 'forest__n_estimators': 100, 'forest__oob_score': True, 'forest__random_state': 1153}",0.9030470914127424,0.8831024930747923,0.9047091412742382,0.8819290465631929,0.905210643015521,0.8955996830680973,0.01071338164306945,18
4.273019313812256,0.024356984198845452,0.13649582862854004,0.005126644757039362,15,0.0,15,300,True,1153,"{'forest__max_depth': 15, 'forest__min_impurity_decrease': 0.0, 'forest__min_samples_leaf': 15, 'forest__n_estimators': 300, 'forest__oob_score': True, 'forest__random_state': 1153}",0.8975069252077562,0.8925207756232687,0.9074792243767313,0.8797117516629712,0.9018847006651884,0.8958206755071831,0.009443774325720893,17
7.032969284057617,0.04780042442535142,0.22115554809570312,0.006787533301136682,15,0.0,15,500,True,1153,"{'forest__max_depth': 15, 'forest__min_impurity_decrease': 0.0, 'forest__min_samples_leaf': 15, 'forest__n_estimators': 500, 'forest__oob_score': True, 'forest__random_state': 1153}",0.9002770083102493,0.8919667590027701,0.9113573407202216,0.8797117516629712,0.9007760532150776,0.8968177825822579,0.010537377505503006,16
1.354557752609253,0.013788074662326868,0.04803314208984375,0.001674424884595166,15,0.0,25,100,True,1153,"{'forest__max_depth': 15, 'forest__min_impurity_decrease': 0.0, 'forest__min_samples_leaf': 25, 'forest__n_estimators': 100, 'forest__oob_score': True, 'forest__random_state': 1153}",0.8587257617728532,0.8337950138504155,0.8554016620498615,0.8342572062084257,0.8553215077605322,0.8475002303284176,0.011070936786743412,29
3.957596015930176,0.014779686560709137,0.12748956680297852,0.0019613528428422075,15,0.0,25,300,True,1153,"{'forest__max_depth': 15, 'forest__min_impurity_decrease': 0.0, 'forest__min_samples_leaf': 25, 'forest__n_estimators': 300, 'forest__oob_score': True, 'forest__random_state': 1153}",0.8626038781163435,0.8426592797783934,0.8653739612188366,0.8386917960088692,0.8519955654101996,0.8522648961065284,0.01053861079503756,25
6.623681831359863,0.08098858756583999,0.22415595054626464,0.01219048094432397,15,0.0,25,500,True,1153,"{'forest__max_depth': 15, 'forest__min_impurity_decrease': 0.0, 'forest__min_samples_leaf': 25, 'forest__n_estimators': 500, 'forest__oob_score': True, 'forest__random_state': 1153}",0.8609418282548477,0.8404432132963989,0.8620498614958448,0.8392461197339246,0.8553215077605322,0.8516005061083096,0.00987330974227549,27
0.5714048385620117,0.020478706106818585,0.033022403717041016,0.0014156958514019297,15,0.1,5,100,True,1153,"{'forest__max_depth': 15, 'forest__min_impurity_decrease': 0.1, 'forest__min_samples_leaf': 5, 'forest__n_estimators': 100, 'forest__oob_score': True, 'forest__random_state': 1153}",0.46094182825484764,0.46038781163434905,0.46038781163434905,0.4606430155210643,0.4606430155210643,0.4606006965131349,0.0002052279733854784,49
1.6941987037658692,0.025988714302756517,0.08946118354797364,0.003323649433824672,15,0.1,5,300,True,1153,"{'forest__max_depth': 15, 'forest__min_impurity_decrease': 0.1, 'forest__min_samples_leaf': 5, 'forest__n_estimators': 300, 'forest__oob_score': True, 'forest__random_state': 1153}",0.46094182825484764,0.46038781163434905,0.46038781163434905,0.4606430155210643,0.4606430155210643,0.4606006965131349,0.0002052279733854784,49
2.8616243839263915,0.03533790331129779,0.14510030746459962,0.0074878192397498985,15,0.1,5,500,True,1153,"{'forest__max_depth': 15, 'forest__min_impurity_decrease': 0.1, 'forest__min_samples_leaf': 5, 'forest__n_estimators': 500, 'forest__oob_score': True, 'forest__random_state': 1153}",0.46094182825484764,0.46038781163434905,0.46038781163434905,0.4606430155210643,0.4606430155210643,0.4606006965131349,0.0002052279733854784,49
0.5954229354858398,0.015002152015845916,0.03582243919372559,0.0013281373486636152,15,0.1,10,100,True,1153,"{'forest__max_depth': 15, 'forest__min_impurity_decrease': 0.1, 'forest__min_samples_leaf': 10, 'forest__n_estimators': 100, 'forest__oob_score': True, 'forest__random_state': 1153}",0.46094182825484764,0.46038781163434905,0.46038781163434905,0.4606430155210643,0.4606430155210643,0.4606006965131349,0.0002052279733854784,49
1.6935972213745116,0.015754221479729363,0.08866233825683593,0.0028728208768797336,15,0.1,10,300,True,1153,"{'forest__max_depth': 15, 'forest__min_impurity_decrease': 0.1, 'forest__min_samples_leaf': 10, 'forest__n_estimators': 300, 'forest__oob_score': True, 'forest__random_state': 1153}",0.46094182825484764,0.46038781163434905,0.46038781163434905,0.4606430155210643,0.4606430155210643,0.4606006965131349,0.0002052279733854784,49
2.856418085098267,0.03558348536305926,0.1477022647857666,0.006284756528986596,15,0.1,10,500,True,1153,"{'forest__max_depth': 15, 'forest__min_impurity_decrease': 0.1, 'forest__min_samples_leaf': 10, 'forest__n_estimators': 500, 'forest__oob_score': True, 'forest__random_state': 1153}",0.46094182825484764,0.46038781163434905,0.46038781163434905,0.4606430155210643,0.4606430155210643,0.4606006965131349,0.0002052279733854784,49
0.5994240283966065,0.015280378437233547,0.034822845458984376,0.0017210170089139,15,0.1,15,100,True,1153,"{'forest__max_depth': 15, 'forest__min_impurity_decrease': 0.1, 'forest__min_samples_leaf': 15, 'forest__n_estimators': 100, 'forest__oob_score': True, 'forest__random_state': 1153}",0.46094182825484764,0.46038781163434905,0.46038781163434905,0.4606430155210643,0.4606430155210643,0.4606006965131349,0.0002052279733854784,49
1.714811372756958,0.01794248755054411,0.08686037063598633,0.0016010643709267393,15,0.1,15,300,True,1153,"{'forest__max_depth': 15, 'forest__min_impurity_decrease': 0.1, 'forest__min_samples_leaf': 15, 'forest__n_estimators': 300, 'forest__oob_score': True, 'forest__random_state': 1153}",0.46094182825484764,0.46038781163434905,0.46038781163434905,0.4606430155210643,0.4606430155210643,0.4606006965131349,0.0002052279733854784,49
2.8289990425109863,0.03269656657543648,0.14370183944702147,0.0032027425062075743,15,0.1,15,500,True,1153,"{'forest__max_depth': 15, 'forest__min_impurity_decrease': 0.1, 'forest__min_samples_leaf': 15, 'forest__n_estimators': 500, 'forest__oob_score': True, 'forest__random_state': 1153}",0.46094182825484764,0.46038781163434905,0.46038781163434905,0.4606430155210643,0.4606430155210643,0.4606006965131349,0.0002052279733854784,49
0.5936205863952637,0.010952256165182432,0.03542633056640625,0.0016258828076087372,15,0.1,25,100,True,1153,"{'forest__max_depth': 15, 'forest__min_impurity_decrease': 0.1, 'forest__min_samples_leaf': 25, 'forest__n_estimators': 100, 'forest__oob_score': True, 'forest__random_state': 1153}",0.46094182825484764,0.46038781163434905,0.46038781163434905,0.4606430155210643,0.4606430155210643,0.4606006965131349,0.0002052279733854784,49
1.7014031410217285,0.009647711718876465,0.08966240882873536,0.0038816870788400504,15,0.1,25,300,True,1153,"{'forest__max_depth': 15, 'forest__min_impurity_decrease': 0.1, 'forest__min_samples_leaf': 25, 'forest__n_estimators': 300, 'forest__oob_score': True, 'forest__random_state': 1153}",0.46094182825484764,0.46038781163434905,0.46038781163434905,0.4606430155210643,0.4606430155210643,0.4606006965131349,0.0002052279733854784,49
2.820393371582031,0.02835081930140749,0.14530177116394044,0.0036581300259869616,15,0.1,25,500,True,1153,"{'forest__max_depth': 15, 'forest__min_impurity_decrease': 0.1, 'forest__min_samples_leaf': 25, 'forest__n_estimators': 500, 'forest__oob_score': True, 'forest__random_state': 1153}",0.46094182825484764,0.46038781163434905,0.46038781163434905,0.4606430155210643,0.4606430155210643,0.4606006965131349,0.0002052279733854784,49
0.5708038806915283,0.016871397199093766,0.0348238468170166,0.0017207183667653557,15,0.2,5,100,True,1153,"{'forest__max_depth': 15, 'forest__min_impurity_decrease': 0.2, 'forest__min_samples_leaf': 5, 'forest__n_estimators': 100, 'forest__oob_score': True, 'forest__random_state': 1153}",0.46094182825484764,0.46038781163434905,0.46038781163434905,0.4606430155210643,0.4606430155210643,0.4606006965131349,0.0002052279733854784,49
1.6665779590606689,0.014715916514540059,0.09066500663757324,0.006023320188147657,15,0.2,5,300,True,1153,"{'forest__max_depth': 15, 'forest__min_impurity_decrease': 0.2, 'forest__min_samples_leaf': 5, 'forest__n_estimators': 300, 'forest__oob_score': True, 'forest__random_state': 1153}",0.46094182825484764,0.46038781163434905,0.46038781163434905,0.4606430155210643,0.4606430155210643,0.4606006965131349,0.0002052279733854784,49
2.767156171798706,0.05721847147696594,0.15931239128112792,0.016423887062046217,15,0.2,5,500,True,1153,"{'forest__max_depth': 15, 'forest__min_impurity_decrease': 0.2, 'forest__min_samples_leaf': 5, 'forest__n_estimators': 500, 'forest__oob_score': True, 'forest__random_state': 1153}",0.46094182825484764,0.46038781163434905,0.46038781163434905,0.4606430155210643,0.4606430155210643,0.4606006965131349,0.0002052279733854784,49
0.5830128192901611,0.02013876126808064,0.03462319374084473,0.0025786241344798733,15,0.2,10,100,True,1153,"{'forest__max_depth': 15, 'forest__min_impurity_decrease': 0.2, 'forest__min_samples_leaf': 10, 'forest__n_estimators': 100, 'forest__oob_score': True, 'forest__random_state': 1153}",0.46094182825484764,0.46038781163434905,0.46038781163434905,0.4606430155210643,0.4606430155210643,0.4606006965131349,0.0002052279733854784,49
1.7744539737701417,0.036956756691982666,0.09446568489074707,0.008020494827635678,15,0.2,10,300,True,1153,"{'forest__max_depth': 15, 'forest__min_impurity_decrease': 0.2, 'forest__min_samples_leaf': 10, 'forest__n_estimators': 300, 'forest__oob_score': True, 'forest__random_state': 1153}",0.46094182825484764,0.46038781163434905,0.46038781163434905,0.4606430155210643,0.4606430155210643,0.4606006965131349,0.0002052279733854784,49
2.8554194450378416,0.022488506213110805,0.1489030361175537,0.0032505599761451327,15,0.2,10,500,True,1153,"{'forest__max_depth': 15, 'forest__min_impurity_decrease': 0.2, 'forest__min_samples_leaf': 10, 'forest__n_estimators': 500, 'forest__oob_score': True, 'forest__random_state': 1153}",0.46094182825484764,0.46038781163434905,0.46038781163434905,0.4606430155210643,0.4606430155210643,0.4606006965131349,0.0002052279733854784,49
0.586014986038208,0.015524681789895,0.03542375564575195,0.003669582514673011,15,0.2,15,100,True,1153,"{'forest__max_depth': 15, 'forest__min_impurity_decrease': 0.2, 'forest__min_samples_leaf': 15, 'forest__n_estimators': 100, 'forest__oob_score': True, 'forest__random_state': 1153}",0.46094182825484764,0.46038781163434905,0.46038781163434905,0.4606430155210643,0.4606430155210643,0.4606006965131349,0.0002052279733854784,49
1.7036052227020264,0.028688171880394644,0.08946113586425782,0.004081898493445174,15,0.2,15,300,True,1153,"{'forest__max_depth': 15, 'forest__min_impurity_decrease': 0.2, 'forest__min_samples_leaf': 15, 'forest__n_estimators': 300, 'forest__oob_score': True, 'forest__random_state': 1153}",0.46094182825484764,0.46038781163434905,0.46038781163434905,0.4606430155210643,0.4606430155210643,0.4606006965131349,0.0002052279733854784,49
2.7777647972106934,0.03012308172023892,0.14650235176086426,0.005787322751418622,15,0.2,15,500,True,1153,"{'forest__max_depth': 15, 'forest__min_impurity_decrease': 0.2, 'forest__min_samples_leaf': 15, 'forest__n_estimators': 500, 'forest__oob_score': True, 'forest__random_state': 1153}",0.46094182825484764,0.46038781163434905,0.46038781163434905,0.4606430155210643,0.4606430155210643,0.4606006965131349,0.0002052279733854784,49
0.5804119110107422,0.01648002205116622,0.03262085914611816,0.0012008193421296168,15,0.2,25,100,True,1153,"{'forest__max_depth': 15, 'forest__min_impurity_decrease': 0.2, 'forest__min_samples_leaf': 25, 'forest__n_estimators': 100, 'forest__oob_score': True, 'forest__random_state': 1153}",0.46094182825484764,0.46038781163434905,0.46038781163434905,0.4606430155210643,0.4606430155210643,0.4606006965131349,0.0002052279733854784,49
1.6569716453552246,0.02357364053974535,0.08826103210449218,0.003189581432427541,15,0.2,25,300,True,1153,"{'forest__max_depth': 15, 'forest__min_impurity_decrease': 0.2, 'forest__min_samples_leaf': 25, 'forest__n_estimators': 300, 'forest__oob_score': True, 'forest__random_state': 1153}",0.46094182825484764,0.46038781163434905,0.46038781163434905,0.4606430155210643,0.4606430155210643,0.4606006965131349,0.0002052279733854784,49
2.7707589626312257,0.04367221935794037,0.1445009231567383,0.005393376578205403,15,0.2,25,500,True,1153,"{'forest__max_depth': 15, 'forest__min_impurity_decrease': 0.2, 'forest__min_samples_leaf': 25, 'forest__n_estimators': 500, 'forest__oob_score': True, 'forest__random_state': 1153}",0.46094182825484764,0.46038781163434905,0.46038781163434905,0.4606430155210643,0.4606430155210643,0.4606006965131349,0.0002052279733854784,49
0.5802096366882324,0.012212480867703908,0.033022308349609376,0.002099602586080629,15,0.5,5,100,True,1153,"{'forest__max_depth': 15, 'forest__min_impurity_decrease': 0.5, 'forest__min_samples_leaf': 5, 'forest__n_estimators': 100, 'forest__oob_score': True, 'forest__random_state': 1153}",0.46094182825484764,0.46038781163434905,0.46038781163434905,0.4606430155210643,0.4606430155210643,0.4606006965131349,0.0002052279733854784,49
1.6589731693267822,0.016976078337719844,0.08806014060974121,0.0034083045832655166,15,0.5,5,300,True,1153,"{'forest__max_depth': 15, 'forest__min_impurity_decrease': 0.5, 'forest__min_samples_leaf': 5, 'forest__n_estimators': 300, 'forest__oob_score': True, 'forest__random_state': 1153}",0.46094182825484764,0.46038781163434905,0.46038781163434905,0.4606430155210643,0.4606430155210643,0.4606006965131349,0.0002052279733854784,49
2.768156623840332,0.025719702200240863,0.14630188941955566,0.002484659862918746,15,0.5,5,500,True,1153,"{'forest__max_depth': 15, 'forest__min_impurity_decrease': 0.5, 'forest__min_samples_leaf': 5, 'forest__n_estimators': 500, 'forest__oob_score': True, 'forest__random_state': 1153}",0.46094182825484764,0.46038781163434905,0.46038781163434905,0.4606430155210643,0.4606430155210643,0.4606006965131349,0.0002052279733854784,49
0.5694031238555908,0.009236803300719059,0.033223295211791994,0.0011670550588868457,15,0.5,10,100,True,1153,"{'forest__max_depth': 15, 'forest__min_impurity_decrease': 0.5, 'forest__min_samples_leaf': 10, 'forest__n_estimators': 100, 'forest__oob_score': True, 'forest__random_state': 1153}",0.46094182825484764,0.46038781163434905,0.46038781163434905,0.4606430155210643,0.4606430155210643,0.4606006965131349,0.0002052279733854784,49
1.6447635173797608,0.025603427121551496,0.08926248550415039,0.003372448258407033,15,0.5,10,300,True,1153,"{'forest__max_depth': 15, 'forest__min_impurity_decrease': 0.5, 'forest__min_samples_leaf': 10, 'forest__n_estimators': 300, 'forest__oob_score': True, 'forest__random_state': 1153}",0.46094182825484764,0.46038781163434905,0.46038781163434905,0.4606430155210643,0.4606430155210643,0.4606006965131349,0.0002052279733854784,49
2.7623533725738527,0.028965957691320467,0.14450063705444335,0.003982572792942611,15,0.5,10,500,True,1153,"{'forest__max_depth': 15, 'forest__min_impurity_decrease': 0.5, 'forest__min_samples_leaf': 10, 'forest__n_estimators': 500, 'forest__oob_score': True, 'forest__random_state': 1153}",0.46094182825484764,0.46038781163434905,0.46038781163434905,0.4606430155210643,0.4606430155210643,0.4606006965131349,0.0002052279733854784,49
0.5724047660827637,0.01041887012998806,0.033022832870483396,0.0016742532671729744,15,0.5,15,100,True,1153,"{'forest__max_depth': 15, 'forest__min_impurity_decrease': 0.5, 'forest__min_samples_leaf': 15, 'forest__n_estimators': 100, 'forest__oob_score': True, 'forest__random_state': 1153}",0.46094182825484764,0.46038781163434905,0.46038781163434905,0.4606430155210643,0.4606430155210643,0.4606006965131349,0.0002052279733854784,49
1.6675794124603271,0.023820114283410278,0.08866286277770996,0.001963251132439585,15,0.5,15,300,True,1153,"{'forest__max_depth': 15, 'forest__min_impurity_decrease': 0.5, 'forest__min_samples_leaf': 15, 'forest__n_estimators': 300, 'forest__oob_score': True, 'forest__random_state': 1153}",0.46094182825484764,0.46038781163434905,0.46038781163434905,0.4606430155210643,0.4606430155210643,0.4606006965131349,0.0002052279733854784,49
2.784169006347656,0.024751032694906992,0.14590210914611818,0.0020412742253996907,15,0.5,15,500,True,1153,"{'forest__max_depth': 15, 'forest__min_impurity_decrease': 0.5, 'forest__min_samples_leaf': 15, 'forest__n_estimators': 500, 'forest__oob_score': True, 'forest__random_state': 1153}",0.46094182825484764,0.46038781163434905,0.46038781163434905,0.4606430155210643,0.4606430155210643,0.4606006965131349,0.0002052279733854784,49
0.5702035903930665,0.012181006771136501,0.034023380279541014,0.0016737688462747525,15,0.5,25,100,True,1153,"{'forest__max_depth': 15, 'forest__min_impurity_decrease': 0.5, 'forest__min_samples_leaf': 25, 'forest__n_estimators': 100, 'forest__oob_score': True, 'forest__random_state': 1153}",0.46094182825484764,0.46038781163434905,0.46038781163434905,0.4606430155210643,0.4606430155210643,0.4606006965131349,0.0002052279733854784,49
1.6529698371887207,0.020189105955105955,0.08766007423400879,0.004129967247180791,15,0.5,25,300,True,1153,"{'forest__max_depth': 15, 'forest__min_impurity_decrease': 0.5, 'forest__min_samples_leaf': 25, 'forest__n_estimators': 300, 'forest__oob_score': True, 'forest__random_state': 1153}",0.46094182825484764,0.46038781163434905,0.46038781163434905,0.4606430155210643,0.4606430155210643,0.4606006965131349,0.0002052279733854784,49
2.722523593902588,0.02535187313100873,0.14209952354431152,0.003164566645597801,15,0.5,25,500,True,1153,"{'forest__max_depth': 15, 'forest__min_impurity_decrease': 0.5, 'forest__min_samples_leaf': 25, 'forest__n_estimators': 500, 'forest__oob_score': True, 'forest__random_state': 1153}",0.46094182825484764,0.46038781163434905,0.46038781163434905,0.4606430155210643,0.4606430155210643,0.4606006965131349,0.0002052279733854784,49
1.6193441867828369,0.02137329774747819,0.05223627090454101,0.0027148797508394426,20,0.0,5,100,True,1153,"{'forest__max_depth': 20, 'forest__min_impurity_decrease': 0.0, 'forest__min_samples_leaf': 5, 'forest__n_estimators': 100, 'forest__oob_score': True, 'forest__random_state': 1153}",0.9562326869806094,0.9595567867036011,0.9606648199445983,0.9528824833702882,0.9634146341463414,0.9585502822290877,0.003650792577564495,3
4.762565183639526,0.033920078415427504,0.15670948028564452,0.013359711936841682,20,0.0,5,300,True,1153,"{'forest__max_depth': 20, 'forest__min_impurity_decrease': 0.0, 'forest__min_samples_leaf': 5, 'forest__n_estimators': 300, 'forest__oob_score': True, 'forest__random_state': 1153}",0.9656509695290859,0.96398891966759,0.9628808864265928,0.9506651884700665,0.9711751662971175,0.9628722260780906,0.006736751118831146,1
7.954419946670532,0.03170442476420174,0.2511773586273193,0.006961784239232678,20,0.0,5,500,True,1153,"{'forest__max_depth': 20, 'forest__min_impurity_decrease': 0.0, 'forest__min_samples_leaf': 5, 'forest__n_estimators': 500, 'forest__oob_score': True, 'forest__random_state': 1153}",0.9623268698060942,0.9673130193905817,0.9634349030470915,0.9495565410199557,0.970620842572062,0.9626504351671569,0.007175475373469488,2
1.4928545475006103,0.00786440642817156,0.04943418502807617,0.0013581326131471452,20,0.0,10,100,True,1153,"{'forest__max_depth': 20, 'forest__min_impurity_decrease': 0.0, 'forest__min_samples_leaf': 10, 'forest__n_estimators': 100, 'forest__oob_score': True, 'forest__random_state': 1153}",0.9263157894736842,0.9257617728531856,0.9335180055401662,0.9124168514412417,0.9262749445676275,0.924857472775181,0.006851679494174262,9
4.454146480560302,0.022179429693311763,0.14149975776672363,0.00488601071560327,20,0.0,10,300,True,1153,"{'forest__max_depth': 20, 'forest__min_impurity_decrease': 0.0, 'forest__min_samples_leaf': 10, 'forest__n_estimators': 300, 'forest__oob_score': True, 'forest__random_state': 1153}",0.929639889196676,0.9279778393351801,0.9329639889196676,0.9085365853658537,0.926829268292683,0.9251895142220121,0.00857941587844858,8
7.4030311584472654,0.04268836615552283,0.2283602237701416,0.004402494478315057,20,0.0,10,500,True,1153,"{'forest__max_depth': 20, 'forest__min_impurity_decrease': 0.0, 'forest__min_samples_leaf': 10, 'forest__n_estimators': 500, 'forest__oob_score': True, 'forest__random_state': 1153}",0.9274238227146815,0.9290858725761773,0.9335180055401662,0.9085365853658537,0.9296008869179601,0.9256330346229676,0.008778772207109195,7
1.4222060203552247,0.01365254731523198,0.04843287467956543,0.0004914976982022934,20,0.0,15,100,True,1153,"{'forest__max_depth': 20, 'forest__min_impurity_decrease': 0.0, 'forest__min_samples_leaf': 15, 'forest__n_estimators': 100, 'forest__oob_score': True, 'forest__random_state': 1153}",0.9019390581717451,0.8914127423822714,0.9113573407202216,0.8852549889135255,0.8991130820399114,0.8978154424455349,0.008953553988067365,14
4.242197418212891,0.023945525163633335,0.13449478149414062,0.003669283345056509,20,0.0,15,300,True,1153,"{'forest__max_depth': 20, 'forest__min_impurity_decrease': 0.0, 'forest__min_samples_leaf': 15, 'forest__n_estimators': 300, 'forest__oob_score': True, 'forest__random_state': 1153}",0.8991689750692521,0.8986149584487535,0.9113573407202216,0.8808203991130821,0.8991130820399114,0.897814951078244,0.009760836546797253,15
7.041975736618042,0.037169588975443896,0.22996139526367188,0.010427555051780113,20,0.0,15,500,True,1153,"{'forest__max_depth': 20, 'forest__min_impurity_decrease': 0.0, 'forest__min_samples_leaf': 15, 'forest__n_estimators': 500, 'forest__oob_score': True, 'forest__random_state': 1153}",0.900831024930748,0.896398891966759,0.9146814404432133,0.8808203991130821,0.9035476718403548,0.8992558856588314,0.01101705777324293,13
1.3437506675720214,0.01397285239793925,0.04763240814208984,0.0018564615928447366,20,0.0,25,100,True,1153,"{'forest__max_depth': 20, 'forest__min_impurity_decrease': 0.0, 'forest__min_samples_leaf': 25, 'forest__n_estimators': 100, 'forest__oob_score': True, 'forest__random_state': 1153}",0.8565096952908587,0.8326869806094183,0.8559556786703602,0.8342572062084257,0.8553215077605322,0.8469462137079191,0.01101919079827549,31
3.96220006942749,0.03204540196459641,0.12949080467224122,0.002729494579715109,20,0.0,25,300,True,1153,"{'forest__max_depth': 20, 'forest__min_impurity_decrease': 0.0, 'forest__min_samples_leaf': 25, 'forest__n_estimators': 300, 'forest__oob_score': True, 'forest__random_state': 1153}",0.8609418282548477,0.8415512465373961,0.8637119113573407,0.8386917960088692,0.8553215077605322,0.8520436579837971,0.010143301102488811,26
6.671314477920532,0.08636450166855132,0.21875386238098143,0.004886522432953026,20,0.0,25,500,True,1153,"{'forest__max_depth': 20, 'forest__min_impurity_decrease': 0.0, 'forest__min_samples_leaf': 25, 'forest__n_estimators': 500, 'forest__oob_score': True, 'forest__random_state': 1153}",0.8609418282548477,0.8437673130193906,0.8598337950138504,0.8386917960088692,0.8542128603104213,0.8514895185214758,0.008829539730952242,28
0.5710043430328369,0.017014118752513935,0.03222146034240723,0.0014708592023818384,20,0.1,5,100,True,1153,"{'forest__max_depth': 20, 'forest__min_impurity_decrease': 0.1, 'forest__min_samples_leaf': 5, 'forest__n_estimators': 100, 'forest__oob_score': True, 'forest__random_state': 1153}",0.46094182825484764,0.46038781163434905,0.46038781163434905,0.4606430155210643,0.4606430155210643,0.4606006965131349,0.0002052279733854784,49
1.6701812267303466,0.020528843594523855,0.08946247100830078,0.0018560446775028807,20,0.1,5,300,True,1153,"{'forest__max_depth': 20, 'forest__min_impurity_decrease': 0.1, 'forest__min_samples_leaf': 5, 'forest__n_estimators': 300, 'forest__oob_score': True, 'forest__random_state': 1153}",0.46094182825484764,0.46038781163434905,0.46038781163434905,0.4606430155210643,0.4606430155210643,0.4606006965131349,0.0002052279733854784,49
2.9925143241882326,0.129052620828211,0.15150561332702636,0.014231604699432819,20,0.1,5,500,True,1153,"{'forest__max_depth': 20, 'forest__min_impurity_decrease': 0.1, 'forest__min_samples_leaf': 5, 'forest__n_estimators': 500, 'forest__oob_score': True, 'forest__random_state': 1153}",0.46094182825484764,0.46038781163434905,0.46038781163434905,0.4606430155210643,0.4606430155210643,0.4606006965131349,0.0002052279733854784,49
0.6506591796875,0.019521962760575714,0.038026285171508786,0.005370812350709207,20,0.1,10,100,True,1153,"{'forest__max_depth': 20, 'forest__min_impurity_decrease': 0.1, 'forest__min_samples_leaf': 10, 'forest__n_estimators': 100, 'forest__oob_score': True, 'forest__random_state': 1153}",0.46094182825484764,0.46038781163434905,0.46038781163434905,0.4606430155210643,0.4606430155210643,0.4606006965131349,0.0002052279733854784,49
1.7316250324249267,0.034367054490001984,0.09026141166687011,0.005385215761062145,20,0.1,10,300,True,1153,"{'forest__max_depth': 20, 'forest__min_impurity_decrease': 0.1, 'forest__min_samples_leaf': 10, 'forest__n_estimators': 300, 'forest__oob_score': True, 'forest__random_state': 1153}",0.46094182825484764,0.46038781163434905,0.46038781163434905,0.4606430155210643,0.4606430155210643,0.4606006965131349,0.0002052279733854784,49
2.883639860153198,0.03892486470243682,0.15090460777282716,0.006435710280071018,20,0.1,10,500,True,1153,"{'forest__max_depth': 20, 'forest__min_impurity_decrease': 0.1, 'forest__min_samples_leaf': 10, 'forest__n_estimators': 500, 'forest__oob_score': True, 'forest__random_state': 1153}",0.46094182825484764,0.46038781163434905,0.46038781163434905,0.4606430155210643,0.4606430155210643,0.4606006965131349,0.0002052279733854784,49
0.5858146667480468,0.014117617554257089,0.034824180603027347,0.0019414644774136142,20,0.1,15,100,True,1153,"{'forest__max_depth': 20, 'forest__min_impurity_decrease': 0.1, 'forest__min_samples_leaf': 15, 'forest__n_estimators': 100, 'forest__oob_score': True, 'forest__random_state': 1153}",0.46094182825484764,0.46038781163434905,0.46038781163434905,0.4606430155210643,0.4606430155210643,0.4606006965131349,0.0002052279733854784,49
1.7052061557769775,0.015463387298185381,0.08906149864196777,0.002609869215989636,20,0.1,15,300,True,1153,"{'forest__max_depth': 20, 'forest__min_impurity_decrease': 0.1, 'forest__min_samples_leaf': 15, 'forest__n_estimators': 300, 'forest__oob_score': True, 'forest__random_state': 1153}",0.46094182825484764,0.46038781163434905,0.46038781163434905,0.4606430155210643,0.4606430155210643,0.4606006965131349,0.0002052279733854784,49
2.840408754348755,0.02551809830845356,0.14369921684265136,0.003612834155410364,20,0.1,15,500,True,1153,"{'forest__max_depth': 20, 'forest__min_impurity_decrease': 0.1, 'forest__min_samples_leaf': 15, 'forest__n_estimators': 500, 'forest__oob_score': True, 'forest__random_state': 1153}",0.46094182825484764,0.46038781163434905,0.46038781163434905,0.4606430155210643,0.4606430155210643,0.4606006965131349,0.0002052279733854784,49
0.5926200389862061,0.01619063274969038,0.03522305488586426,0.002228006767501014,20,0.1,25,100,True,1153,"{'forest__max_depth': 20, 'forest__min_impurity_decrease': 0.1, 'forest__min_samples_leaf': 25, 'forest__n_estimators': 100, 'forest__oob_score': True, 'forest__random_state': 1153}",0.46094182825484764,0.46038781163434905,0.46038781163434905,0.4606430155210643,0.4606430155210643,0.4606006965131349,0.0002052279733854784,49
1.7260195732116699,0.028999701632853873,0.09186396598815919,0.007392253666231014,20,0.1,25,300,True,1153,"{'forest__max_depth': 20, 'forest__min_impurity_decrease': 0.1, 'forest__min_samples_leaf': 25, 'forest__n_estimators': 300, 'forest__oob_score': True, 'forest__random_state': 1153}",0.46094182825484764,0.46038781163434905,0.46038781163434905,0.4606430155210643,0.4606430155210643,0.4606006965131349,0.0002052279733854784,49
2.8358052253723143,0.03194310454021621,0.14490151405334473,0.007086725651062893,20,0.1,25,500,True,1153,"{'forest__max_depth': 20, 'forest__min_impurity_decrease': 0.1, 'forest__min_samples_leaf': 25, 'forest__n_estimators': 500, 'forest__oob_score': True, 'forest__random_state': 1153}",0.46094182825484764,0.46038781163434905,0.46038781163434905,0.4606430155210643,0.4606430155210643,0.4606006965131349,0.0002052279733854784,49
0.5718069076538086,0.01014019195231946,0.03442158699035645,0.003009090211616723,20,0.2,5,100,True,1153,"{'forest__max_depth': 20, 'forest__min_impurity_decrease': 0.2, 'forest__min_samples_leaf': 5, 'forest__n_estimators': 100, 'forest__oob_score': True, 'forest__random_state': 1153}",0.46094182825484764,0.46038781163434905,0.46038781163434905,0.4606430155210643,0.4606430155210643,0.4606006965131349,0.0002052279733854784,49
1.6671780586242675,0.02785500570575521,0.08946294784545898,0.0023346162474410137,20,0.2,5,300,True,1153,"{'forest__max_depth': 20, 'forest__min_impurity_decrease': 0.2, 'forest__min_samples_leaf': 5, 'forest__n_estimators': 300, 'forest__oob_score': True, 'forest__random_state': 1153}",0.46094182825484764,0.46038781163434905,0.46038781163434905,0.4606430155210643,0.4606430155210643,0.4606006965131349,0.0002052279733854784,49
2.753746509552002,0.03834392843791017,0.14390115737915038,0.004120500896438176,20,0.2,5,500,True,1153,"{'forest__max_depth': 20, 'forest__min_impurity_decrease': 0.2, 'forest__min_samples_leaf': 5, 'forest__n_estimators': 500, 'forest__oob_score': True, 'forest__random_state': 1153}",0.46094182825484764,0.46038781163434905,0.46038781163434905,0.4606430155210643,0.4606430155210643,0.4606006965131349,0.0002052279733854784,49
0.5692022800445556,0.005567043244320787,0.0330233097076416,0.0010968458835170997,20,0.2,10,100,True,1153,"{'forest__max_depth': 20, 'forest__min_impurity_decrease': 0.2, 'forest__min_samples_leaf': 10, 'forest__n_estimators': 100, 'forest__oob_score': True, 'forest__random_state': 1153}",0.46094182825484764,0.46038781163434905,0.46038781163434905,0.4606430155210643,0.4606430155210643,0.4606006965131349,0.0002052279733854784,49
1.6525683403015137,0.013845814257225265,0.08826069831848145,0.0030621921532093155,20,0.2,10,300,True,1153,"{'forest__max_depth': 20, 'forest__min_impurity_decrease': 0.2, 'forest__min_samples_leaf': 10, 'forest__n_estimators': 300, 'forest__oob_score': True, 'forest__random_state': 1153}",0.46094182825484764,0.46038781163434905,0.46038781163434905,0.4606430155210643,0.4606430155210643,0.4606006965131349,0.0002052279733854784,49
2.751946973800659,0.027704770210066,0.14449877738952638,0.005242024580972352,20,0.2,10,500,True,1153,"{'forest__max_depth': 20, 'forest__min_impurity_decrease': 0.2, 'forest__min_samples_leaf': 10, 'forest__n_estimators': 500, 'forest__oob_score': True, 'forest__random_state': 1153}",0.46094182825484764,0.46038781163434905,0.46038781163434905,0.4606430155210643,0.4606430155210643,0.4606006965131349,0.0002052279733854784,49
0.5688032627105712,0.00999878216052266,0.03482346534729004,0.0014718593466347826,20,0.2,15,100,True,1153,"{'forest__max_depth': 20, 'forest__min_impurity_decrease': 0.2, 'forest__min_samples_leaf': 15, 'forest__n_estimators': 100, 'forest__oob_score': True, 'forest__random_state': 1153}",0.46094182825484764,0.46038781163434905,0.46038781163434905,0.4606430155210643,0.4606430155210643,0.4606006965131349,0.0002052279733854784,49
1.6711813449859618,0.013231045894636497,0.0884617805480957,0.0024180718816620914,20,0.2,15,300,True,1153,"{'forest__max_depth': 20, 'forest__min_impurity_decrease': 0.2, 'forest__min_samples_leaf': 15, 'forest__n_estimators': 300, 'forest__oob_score': True, 'forest__random_state': 1153}",0.46094182825484764,0.46038781163434905,0.46038781163434905,0.4606430155210643,0.4606430155210643,0.4606006965131349,0.0002052279733854784,49
2.794575643539429,0.038708616622974486,0.14570121765136718,0.0048032842016376455,20,0.2,15,500,True,1153,"{'forest__max_depth': 20, 'forest__min_impurity_decrease': 0.2, 'forest__min_samples_leaf': 15, 'forest__n_estimators': 500, 'forest__oob_score': True, 'forest__random_state': 1153}",0.46094182825484764,0.46038781163434905,0.46038781163434905,0.4606430155210643,0.4606430155210643,0.4606006965131349,0.0002052279733854784,49
0.5722039699554443,0.00560389605833595,0.03502411842346191,0.0014157969945990854,20,0.2,25,100,True,1153,"{'forest__max_depth': 20, 'forest__min_impurity_decrease': 0.2, 'forest__min_samples_leaf': 25, 'forest__n_estimators': 100, 'forest__oob_score': True, 'forest__random_state': 1153}",0.46094182825484764,0.46038781163434905,0.46038781163434905,0.4606430155210643,0.4606430155210643,0.4606006965131349,0.0002052279733854784,49
1.7906651496887207,0.04038903187844196,0.08846120834350586,0.005502731321504758,20,0.2,25,300,True,1153,"{'forest__max_depth': 20, 'forest__min_impurity_decrease': 0.2, 'forest__min_samples_leaf': 25, 'forest__n_estimators': 300, 'forest__oob_score': True, 'forest__random_state': 1153}",0.46094182825484764,0.46038781163434905,0.46038781163434905,0.4606430155210643,0.4606430155210643,0.4606006965131349,0.0002052279733854784,49
2.8554193019866942,0.044849270699033786,0.14810338020324706,0.005179176990177812,20,0.2,25,500,True,1153,"{'forest__max_depth': 20, 'forest__min_impurity_decrease': 0.2, 'forest__min_samples_leaf': 25, 'forest__n_estimators': 500, 'forest__oob_score': True, 'forest__random_state': 1153}",0.46094182825484764,0.46038781163434905,0.46038781163434905,0.4606430155210643,0.4606430155210643,0.4606006965131349,0.0002052279733854784,49
0.5758082389831543,0.011225584847200326,0.034423303604125974,0.00273001907256169,20,0.5,5,100,True,1153,"{'forest__max_depth': 20, 'forest__min_impurity_decrease': 0.5, 'forest__min_samples_leaf': 5, 'forest__n_estimators': 100, 'forest__oob_score': True, 'forest__random_state': 1153}",0.46094182825484764,0.46038781163434905,0.46038781163434905,0.4606430155210643,0.4606430155210643,0.4606006965131349,0.0002052279733854784,49
1.6703818321228028,0.019097097390931687,0.08906207084655762,0.0016735979305429862,20,0.5,5,300,True,1153,"{'forest__max_depth': 20, 'forest__min_impurity_decrease': 0.5, 'forest__min_samples_leaf': 5, 'forest__n_estimators': 300, 'forest__oob_score': True, 'forest__random_state': 1153}",0.46094182825484764,0.46038781163434905,0.46038781163434905,0.4606430155210643,0.4606430155210643,0.4606006965131349,0.0002052279733854784,49
2.7837687969207763,0.014834968545269415,0.14430084228515624,0.002483833710800979,20,0.5,5,500,True,1153,"{'forest__max_depth': 20, 'forest__min_impurity_decrease': 0.5, 'forest__min_samples_leaf': 5, 'forest__n_estimators': 500, 'forest__oob_score': True, 'forest__random_state': 1153}",0.46094182825484764,0.46038781163434905,0.46038781163434905,0.4606430155210643,0.4606430155210643,0.4606006965131349,0.0002052279733854784,49
0.5710041046142578,0.01715344291370383,0.032621908187866214,0.0004902185948541551,20,0.5,10,100,True,1153,"{'forest__max_depth': 20, 'forest__min_impurity_decrease': 0.5, 'forest__min_samples_leaf': 10, 'forest__n_estimators': 100, 'forest__oob_score': True, 'forest__random_state': 1153}",0.46094182825484764,0.46038781163434905,0.46038781163434905,0.4606430155210643,0.4606430155210643,0.4606006965131349,0.0002052279733854784,49
1.6629757404327392,0.0187474067984081,0.08826189041137696,0.005568075003032951,20,0.5,10,300,True,1153,"{'forest__max_depth': 20, 'forest__min_impurity_decrease': 0.5, 'forest__min_samples_leaf': 10, 'forest__n_estimators': 300, 'forest__oob_score': True, 'forest__random_state': 1153}",0.46094182825484764,0.46038781163434905,0.46038781163434905,0.4606430155210643,0.4606430155210643,0.4606006965131349,0.0002052279733854784,49
2.7611536026000976,0.031331924111534085,0.14429988861083984,0.003545450960228545,20,0.5,10,500,True,1153,"{'forest__max_depth': 20, 'forest__min_impurity_decrease': 0.5, 'forest__min_samples_leaf': 10, 'forest__n_estimators': 500, 'forest__oob_score': True, 'forest__random_state': 1153}",0.46094182825484764,0.46038781163434905,0.46038781163434905,0.4606430155210643,0.4606430155210643,0.4606006965131349,0.0002052279733854784,49
0.5746079444885254,0.007839149766704936,0.035023832321166994,0.001790058184725531,20,0.5,15,100,True,1153,"{'forest__max_depth': 20, 'forest__min_impurity_decrease': 0.5, 'forest__min_samples_leaf': 15, 'forest__n_estimators': 100, 'forest__oob_score': True, 'forest__random_state': 1153}",0.46094182825484764,0.46038781163434905,0.46038781163434905,0.4606430155210643,0.4606430155210643,0.4606006965131349,0.0002052279733854784,49
1.6653769969940186,0.005271927472368831,0.08806309700012208,0.0012671577227504438,20,0.5,15,300,True,1153,"{'forest__max_depth': 20, 'forest__min_impurity_decrease': 0.5, 'forest__min_samples_leaf': 15, 'forest__n_estimators': 300, 'forest__oob_score': True, 'forest__random_state': 1153}",0.46094182825484764,0.46038781163434905,0.46038781163434905,0.4606430155210643,0.4606430155210643,0.4606006965131349,0.0002052279733854784,49
2.767956781387329,0.0343269024252026,0.14590139389038087,0.006246282171361646,20,0.5,15,500,True,1153,"{'forest__max_depth': 20, 'forest__min_impurity_decrease': 0.5, 'forest__min_samples_leaf': 15, 'forest__n_estimators': 500, 'forest__oob_score': True, 'forest__random_state': 1153}",0.46094182825484764,0.46038781163434905,0.46038781163434905,0.4606430155210643,0.4606430155210643,0.4606006965131349,0.0002052279733854784,49
0.580010175704956,0.021261734252229388,0.03362307548522949,0.0016258638876943449,20,0.5,25,100,True,1153,"{'forest__max_depth': 20, 'forest__min_impurity_decrease': 0.5, 'forest__min_samples_leaf': 25, 'forest__n_estimators': 100, 'forest__oob_score': True, 'forest__random_state': 1153}",0.46094182825484764,0.46038781163434905,0.46038781163434905,0.4606430155210643,0.4606430155210643,0.4606006965131349,0.0002052279733854784,49
1.6589730262756348,0.013581579361820884,0.08966212272644043,0.004080844201764312,20,0.5,25,300,True,1153,"{'forest__max_depth': 20, 'forest__min_impurity_decrease': 0.5, 'forest__min_samples_leaf': 25, 'forest__n_estimators': 300, 'forest__oob_score': True, 'forest__random_state': 1153}",0.46094182825484764,0.46038781163434905,0.46038781163434905,0.4606430155210643,0.4606430155210643,0.4606006965131349,0.0002052279733854784,49
2.672688627243042,0.08774286892010008,0.13749709129333496,0.014244064529526682,20,0.5,25,500,True,1153,"{'forest__max_depth': 20, 'forest__min_impurity_decrease': 0.5, 'forest__min_samples_leaf': 25, 'forest__n_estimators': 500, 'forest__oob_score': True, 'forest__random_state': 1153}",0.46094182825484764,0.46038781163434905,0.46038781163434905,0.4606430155210643,0.4606430155210643,0.4606006965131349,0.0002052279733854784,49
